customer_id,customer_name,customer_email
1,Customer_1,customer_1@example.com
2,Customer_2,customer_2@example.com
3,Customer_3,customer_3@example.com
4,Customer_4,customer_4@example.com
5,Customer_5,customer_5@example.com
6,Customer_6,customer_6@example.com
7,Customer_7,customer_7@example.com
8,Customer_8,customer_8@example.com
9,Customer_9,customer_9@example.com
10,Customer_10,customer_10@example.com
11,Customer_11,customer_11@example.com
12,Customer_12,customer_12@example.com
13,Customer_13,customer_13@example.com
14,Customer_14,customer_14@example.com
15,Customer_15,customer_15@example.com
16,Customer_16,customer_16@example.com
17,Customer_17,customer_17@example.com
18,Customer_18,customer_18@example.com
19,Customer_19,customer_19@example.com
20,Customer_20,customer_20@example.com
21,Customer_21,customer_21@example.com
22,Customer_22,customer_22@example.com
23,Customer_23,customer_23@example.com
24,Customer_24,customer_24@example.com
25,Customer_25,customer_25@example.com
26,Customer_26,customer_26@example.com
27,Customer_27,customer_27@example.com
28,Customer_28,customer_28@example.com
29,Customer_29,customer_29@example.com
30,Customer_30,customer_30@example.com
31,Customer_31,customer_31@example.com
32,Customer_32,customer_32@example.com
33,Customer_33,customer_33@example.com
34,Customer_34,customer_34@example.com
35,Customer_35,customer_35@example.com
36,Customer_36,customer_36@example.com
37,Customer_37,customer_37@example.com
38,Customer_38,customer_38@example.com
39,Customer_39,customer_39@example.com
40,Customer_40,customer_40@example.com
41,Customer_41,customer_41@example.com
42,Customer_42,customer_42@example.com
43,Customer_43,customer_43@example.com
44,Customer_44,customer_44@example.com
45,Customer_45,customer_45@example.com
46,Customer_46,customer_46@example.com
47,Customer_47,customer_47@example.com
48,Customer_48,customer_48@example.com
49,Customer_49,customer_49@example.com
50,Customer_50,customer_50@example.com
51,Customer_51,customer_51@example.com
52,Customer_52,customer_52@example.com
53,Customer_53,customer_53@example.com
54,Customer_54,customer_54@example.com
55,Customer_55,customer_55@example.com
56,Customer_56,customer_56@example.com
57,Customer_57,customer_57@example.com
58,Customer_58,customer_58@example.com
59,Customer_59,customer_59@example.com
60,Customer_60,customer_60@example.com
61,Customer_61,customer_61@example.com
62,Customer_62,customer_62@example.com
63,Customer_63,customer_63@example.com
64,Customer_64,customer_64@example.com
65,Customer_65,customer_65@example.com
66,Customer_66,customer_66@example.com
67,Customer_67,customer_67@example.com
68,Customer_68,customer_68@example.com
69,Customer_69,customer_69@example.com
70,Customer_70,customer_70@example.com
71,Customer_71,customer_71@example.com
72,Customer_72,customer_72@example.com
73,Customer_73,customer_73@example.com
74,Customer_74,customer_74@example.com
75,Customer_75,customer_75@example.com
76,Customer_76,customer_76@example.com
77,Customer_77,customer_77@example.com
78,Customer_78,customer_78@example.com
79,Customer_79,customer_79@example.com
80,Customer_80,customer_80@example.com
81,Customer_81,customer_81@example.com
82,Customer_82,customer_82@example.com
83,Customer_83,customer_83@example.com
84,Customer_84,customer_84@example.com
85,Customer_85,customer_85@example.com
86,Customer_86,customer_86@example.com
87,Customer_87,customer_87@example.com
88,Customer_88,customer_88@example.com
89,Customer_89,customer_89@example.com
90,Customer_90,customer_90@example.com
91,Customer_91,customer_91@example.com
92,Customer_92,customer_92@example.com
93,Customer_93,customer_93@example.com
94,Customer_94,customer_94@example.com
95,Customer_95,customer_95@example.com
96,Customer_96,customer_96@example.com
97,Customer_97,customer_97@example.com
98,Customer_98,customer_98@example.com
99,Customer_99,customer_99@example.com
100,Customer_100,customer_100@example.com
101,Customer_101,customer_101@example.com
102,Customer_102,customer_102@example.com
103,Customer_103,customer_103@example.com
104,Customer_104,customer_104@example.com
105,Customer_105,customer_105@example.com
106,Customer_106,customer_106@example.com
107,Customer_107,customer_107@example.com
108,Customer_108,customer_108@example.com
109,Customer_109,customer_109@example.com
110,Customer_110,customer_110@example.com
111,Customer_111,customer_111@example.com
112,Customer_112,customer_112@example.com
113,Customer_113,customer_113@example.com
114,Customer_114,customer_114@example.com
115,Customer_115,customer_115@example.com
116,Customer_116,customer_116@example.com
117,Customer_117,customer_117@example.com
118,Customer_118,customer_118@example.com
119,Customer_119,customer_119@example.com
120,Customer_120,customer_120@example.com
121,Customer_121,customer_121@example.com
122,Customer_122,customer_122@example.com
123,Customer_123,customer_123@example.com
124,Customer_124,customer_124@example.com
125,Customer_125,customer_125@example.com
126,Customer_126,customer_126@example.com
127,Customer_127,customer_127@example.com
128,Customer_128,customer_128@example.com
129,Customer_129,customer_129@example.com
130,Customer_130,customer_130@example.com
131,Customer_131,customer_131@example.com
132,Customer_132,customer_132@example.com
133,Customer_133,customer_133@example.com
134,Customer_134,customer_134@example.com
135,Customer_135,customer_135@example.com
136,Customer_136,customer_136@example.com
137,Customer_137,customer_137@example.com
138,Customer_138,customer_138@example.com
139,Customer_139,customer_139@example.com
140,Customer_140,customer_140@example.com
141,Customer_141,customer_141@example.com
142,Customer_142,customer_142@example.com
143,Customer_143,customer_143@example.com
144,Customer_144,customer_144@example.com
145,Customer_145,customer_145@example.com
146,Customer_146,customer_146@example.com
147,Customer_147,customer_147@example.com
148,Customer_148,customer_148@example.com
149,Customer_149,customer_149@example.com
150,Customer_150,customer_150@example.com
151,Customer_151,customer_151@example.com
152,Customer_152,customer_152@example.com
153,Customer_153,customer_153@example.com
154,Customer_154,customer_154@example.com
155,Customer_155,customer_155@example.com
156,Customer_156,customer_156@example.com
157,Customer_157,customer_157@example.com
158,Customer_158,customer_158@example.com
159,Customer_159,customer_159@example.com
160,Customer_160,customer_160@example.com
161,Customer_161,customer_161@example.com
162,Customer_162,customer_162@example.com
163,Customer_163,customer_163@example.com
164,Customer_164,customer_164@example.com
165,Customer_165,customer_165@example.com
166,Customer_166,customer_166@example.com
167,Customer_167,customer_167@example.com
168,Customer_168,customer_168@example.com
169,Customer_169,customer_169@example.com
170,Customer_170,customer_170@example.com
171,Customer_171,customer_171@example.com
172,Customer_172,customer_172@example.com
173,Customer_173,customer_173@example.com
174,Customer_174,customer_174@example.com
175,Customer_175,customer_175@example.com
176,Customer_176,customer_176@example.com
177,Customer_177,customer_177@example.com
178,Customer_178,customer_178@example.com
179,Customer_179,customer_179@example.com
180,Customer_180,customer_180@example.com
181,Customer_181,customer_181@example.com
182,Customer_182,customer_182@example.com
183,Customer_183,customer_183@example.com
184,Customer_184,customer_184@example.com
185,Customer_185,customer_185@example.com
186,Customer_186,customer_186@example.com
187,Customer_187,customer_187@example.com
188,Customer_188,customer_188@example.com
189,Customer_189,customer_189@example.com
190,Customer_190,customer_190@example.com
191,Customer_191,customer_191@example.com
192,Customer_192,customer_192@example.com
193,Customer_193,customer_193@example.com
194,Customer_194,customer_194@example.com
195,Customer_195,customer_195@example.com
196,Customer_196,customer_196@example.com
197,Customer_197,customer_197@example.com
198,Customer_198,customer_198@example.com
199,Customer_199,customer_199@example.com
200,Customer_200,customer_200@example.com
201,Customer_201,customer_201@example.com
202,Customer_202,customer_202@example.com
203,Customer_203,customer_203@example.com
204,Customer_204,customer_204@example.com
205,Customer_205,customer_205@example.com
206,Customer_206,customer_206@example.com
207,Customer_207,customer_207@example.com
208,Customer_208,customer_208@example.com
209,Customer_209,customer_209@example.com
210,Customer_210,customer_210@example.com
211,Customer_211,customer_211@example.com
212,Customer_212,customer_212@example.com
213,Customer_213,customer_213@example.com
214,Customer_214,customer_214@example.com
215,Customer_215,customer_215@example.com
216,Customer_216,customer_216@example.com
217,Customer_217,customer_217@example.com
218,Customer_218,customer_218@example.com
219,Customer_219,customer_219@example.com
220,Customer_220,customer_220@example.com
221,Customer_221,customer_221@example.com
222,Customer_222,customer_222@example.com
223,Customer_223,customer_223@example.com
224,Customer_224,customer_224@example.com
225,Customer_225,customer_225@example.com
226,Customer_226,customer_226@example.com
227,Customer_227,customer_227@example.com
228,Customer_228,customer_228@example.com
229,Customer_229,customer_229@example.com
230,Customer_230,customer_230@example.com
231,Customer_231,customer_231@example.com
232,Customer_232,customer_232@example.com
233,Customer_233,customer_233@example.com
234,Customer_234,customer_234@example.com
235,Customer_235,customer_235@example.com
236,Customer_236,customer_236@example.com
237,Customer_237,customer_237@example.com
238,Customer_238,customer_238@example.com
239,Customer_239,customer_239@example.com
240,Customer_240,customer_240@example.com
241,Customer_241,customer_241@example.com
242,Customer_242,customer_242@example.com
243,Customer_243,customer_243@example.com
244,Customer_244,customer_244@example.com
245,Customer_245,customer_245@example.com
246,Customer_246,customer_246@example.com
247,Customer_247,customer_247@example.com
248,Customer_248,customer_248@example.com
249,Customer_249,customer_249@example.com
250,Customer_250,customer_250@example.com
251,Customer_251,customer_251@example.com
252,Customer_252,customer_252@example.com
253,Customer_253,customer_253@example.com
254,Customer_254,customer_254@example.com
255,Customer_255,customer_255@example.com
256,Customer_256,customer_256@example.com
257,Customer_257,customer_257@example.com
258,Customer_258,customer_258@example.com
259,Customer_259,customer_259@example.com
260,Customer_260,customer_260@example.com
261,Customer_261,customer_261@example.com
262,Customer_262,customer_262@example.com
263,Customer_263,customer_263@example.com
264,Customer_264,customer_264@example.com
265,Customer_265,customer_265@example.com
266,Customer_266,customer_266@example.com
267,Customer_267,customer_267@example.com
268,Customer_268,customer_268@example.com
269,Customer_269,customer_269@example.com
270,Customer_270,customer_270@example.com
271,Customer_271,customer_271@example.com
272,Customer_272,customer_272@example.com
273,Customer_273,customer_273@example.com
274,Customer_274,customer_274@example.com
275,Customer_275,customer_275@example.com
276,Customer_276,customer_276@example.com
277,Customer_277,customer_277@example.com
278,Customer_278,customer_278@example.com
279,Customer_279,customer_279@example.com
280,Customer_280,customer_280@example.com
281,Customer_281,customer_281@example.com
282,Customer_282,customer_282@example.com
283,Customer_283,customer_283@example.com
284,Customer_284,customer_284@example.com
285,Customer_285,customer_285@example.com
286,Customer_286,customer_286@example.com
287,Customer_287,customer_287@example.com
288,Customer_288,customer_288@example.com
289,Customer_289,customer_289@example.com
290,Customer_290,customer_290@example.com
291,Customer_291,customer_291@example.com
292,Customer_292,customer_292@example.com
293,Customer_293,customer_293@example.com
294,Customer_294,customer_294@example.com
295,Customer_295,customer_295@example.com
296,Customer_296,customer_296@example.com
297,Customer_297,customer_297@example.com
298,Customer_298,customer_298@example.com
299,Customer_299,customer_299@example.com
300,Customer_300,customer_300@example.com
